MID,AID
1,1
1,526
1,648
1,607
2,2
2,527
2,557
2,590
3,3
3,528
3,657
3,2045
4,4
4,401
4,1016
4,978
5,5
5,529
5,910
5,610
6,6
6,530
6,1217
6,2046
7,7
7,531
7,1218
7,647
8,8
8,532
8,1219
8,1906
9,9
9,533
9,805
9,1444
10,10
10,534
10,1210
10,2047
11,11
11,535
11,1220
11,2048
12,12
12,536
12,1221
12,243
13,13
13,537
13,1222
13,2049
14,14
14,538
14,1223
14,2050
15,15
15,539
15,1224
15,2051
16,16
16,540
16,700
16,2052
17,17
17,541
17,913
17,192
18,6
18,542
18,692
18,2053
19,18
19,543
19,721
19,2054
20,19
20,544
20,986
20,2055
21,4
21,545
21,605
21,1307
22,20
22,546
22,1225
22,2056
23,21
23,547
23,1226
23,2057
24,22
24,548
24,309
24,1287
25,23
25,549
25,1227
25,168
26,24
26,550
26,1228
26,2058
27,25
27,551
27,1229
27,2059
28,26
28,552
28,1230
28,2060
29,27
29,553
29,1057
29,2061
30,28
30,554
30,1075
30,2062
31,29
31,555
31,1231
31,2063
32,19
32,556
32,1232
32,1578
33,3
33,557
33,808
33,1202
34,30
34,558
34,1216
34,2064
35,31
35,559
35,1212
35,2065
36,32
36,560
36,303
36,2066
37,4
37,561
37,619
37,2067
38,33
38,562
38,818
38,2068
39,34
39,534
39,1233
39,2069
40,35
40,563
40,1234
40,2070
41,36
41,564
41,602
41,2071
42,37
42,565
42,1235
42,2072
43,38
43,566
43,1236
43,2073
44,39
44,567
44,1237
44,1534
45,40
45,568
45,1238
45,2074
46,41
46,569
46,1127
46,1028
47,42
47,570
47,981
47,2055
48,43
48,571
48,1239
48,2075
49,44
49,572
49,1179
49,607
50,45
50,573
50,788
50,2076
51,46
51,574
51,1240
51,626
52,47
52,575
52,1241
52,2077
53,48
53,576
53,955
53,539
54,49
54,577
54,1242
54,1217
55,50
55,578
55,582
55,306
56,17
56,579
56,957
56,2078
57,51
57,580
57,894
57,2079
58,52
58,581
58,1243
58,2080
59,53
59,581
59,1244
59,1437
60,54
60,582
60,1245
60,2081
61,55
61,583
61,679
61,1653
62,56
62,584
62,1246
62,1999
63,57
63,585
63,730
63,1745
64,58
64,586
64,937
64,2082
65,50
65,587
65,978
65,2083
66,59
66,588
66,715
66,306
67,60
67,589
67,647
67,864
68,61
68,590
68,1202
68,2084
69,62
69,591
69,1247
69,2085
70,60
70,592
70,1248
70,2086
71,63
71,593
71,1071
71,2087
72,64
72,554
72,1249
72,2088
73,65
73,594
73,659
73,2089
74,5
74,595
74,848
74,924
75,66
75,596
75,847
75,2090
76,41
76,597
76,699
76,377
77,67
77,598
77,978
77,317
78,64
78,599
78,1250
78,2091
79,41
79,597
79,699
79,1910
80,68
80,564
80,1251
80,2092
81,69
81,600
81,1177
81,1721
82,70
82,601
82,1252
82,2093
83,69
83,602
83,910
83,4
84,55
84,603
84,1253
84,2094
85,71
85,604
85,538
85,837
86,1
86,605
86,1254
86,2095
87,55
87,606
87,1065
87,2096
88,72
88,607
88,594
88,1077
89,73
89,592
89,1255
89,2097
90,55
90,608
90,647
90,2098
91,74
91,556
91,610
91,1869
92,75
92,609
92,622
92,938
93,76
93,610
93,536
93,605
94,77
94,611
94,1256
94,2099
95,67
95,598
95,673
95,780
96,78
96,612
96,1257
96,1491
97,79
97,613
97,1258
97,1679
98,80
98,614
98,1259
98,2100
99,81
99,615
99,1260
99,2101
100,69
100,616
100,1261
100,897
101,61
101,617
101,588
101,2102
102,82
102,618
102,713
102,1314
103,6
103,619
103,564
103,945
104,83
104,620
104,1262
104,2103
105,84
105,621
105,692
105,2104
106,44
106,622
106,904
106,1988
107,85
107,623
107,1263
107,2105
108,86
108,624
108,1264
108,655
109,87
109,625
109,1265
109,2106
110,88
110,626
110,1240
110,2107
111,89
111,627
111,1266
111,2108
112,90
112,628
112,557
112,1158
113,49
113,629
113,1267
113,537
114,91
114,630
114,1268
114,1168
115,92
115,631
115,1269
115,2109
116,93
116,632
116,1216
116,48
117,94
117,633
117,1117
117,689
118,95
118,634
118,1270
118,2110
119,96
119,635
119,1271
119,1248
120,97
120,636
120,1272
120,2111
121,98
121,637
121,715
121,1297
122,99
122,575
122,848
122,773
123,100
123,638
123,608
123,2112
124,101
124,639
124,1273
124,2113
125,50
125,640
125,561
125,136
126,102
126,641
126,1190
126,847
127,60
127,642
127,1274
127,2114
128,103
128,643
128,1275
128,2115
129,104
129,644
129,798
129,2116
130,69
130,640
130,1276
130,626
131,34
131,610
131,1277
131,2117
132,22
132,645
132,1066
132,701
133,105
133,646
133,1278
133,2118
134,106
134,647
134,1279
134,2119
135,71
135,604
135,538
135,1077
136,7
136,648
136,963
136,2120
137,107
137,573
137,663
137,1095
138,69
138,649
138,860
138,230
139,69
139,650
139,673
139,1887
140,108
140,651
140,1280
140,2121
141,44
141,572
141,1281
141,2122
142,109
142,652
142,1282
142,1927
143,50
143,653
143,612
143,1158
144,110
144,654
144,1283
144,2123
145,111
145,655
145,1284
145,2124
146,112
146,656
146,1285
146,2125
147,113
147,657
147,1286
147,2126
148,114
148,658
148,709
148,1599
149,115
149,602
149,1287
149,691
150,54
150,659
150,1034
150,622
151,116
151,660
151,1288
151,248
152,10
152,661
152,1164
152,2127
153,117
153,662
153,1289
153,2128
154,57
154,663
154,1290
154,2098
155,118
155,664
155,1291
155,2129
156,119
156,665
156,1292
156,2130
157,120
157,666
157,1293
157,2131
158,121
158,612
158,823
158,531
159,115
159,635
159,1294
159,2132
160,122
160,667
160,790
160,1244
161,123
161,668
161,1295
161,2133
162,124
162,669
162,621
162,929
163,125
163,670
163,587
163,801
164,126
164,671
164,1296
164,2134
165,127
165,672
165,1297
165,1630
166,81
166,533
166,1298
166,2135
167,128
167,673
167,1095
167,643
168,129
168,674
168,947
168,2136
169,130
169,675
169,1299
169,2137
170,127
170,655
170,1300
170,1523
171,131
171,676
171,1301
171,2138
172,45
172,677
172,1302
172,1523
173,132
173,678
173,1303
173,2139
174,133
174,679
174,978
174,428
175,134
175,680
175,1304
175,906
176,135
176,681
176,1305
176,2140
177,136
177,682
177,747
177,1623
178,137
178,683
178,560
178,2141
179,138
179,658
179,1306
179,2142
180,139
180,684
180,1307
180,1149
181,140
181,685
181,1308
181,2143
182,141
182,686
182,1309
182,2144
183,142
183,687
183,979
183,2145
184,143
184,593
184,1310
184,1512
185,144
185,688
185,1311
185,2146
186,145
186,689
186,1312
186,2147
187,146
187,690
187,1313
187,2148
188,147
188,619
188,1314
188,666
189,7
189,649
189,900
189,636
190,148
190,691
190,669
190,2149
191,28
191,692
191,724
191,2150
192,149
192,693
192,1315
192,2151
193,150
193,694
193,818
193,758
194,151
194,528
194,800
194,2152
195,61
195,695
195,860
195,2153
196,32
196,696
196,715
196,2154
197,152
197,697
197,1316
197,1730
198,153
198,698
198,931
198,1021
199,33
199,699
199,1317
199,2155
200,154
200,700
200,1318
200,1677
201,126
201,701
201,1301
201,1065
202,155
202,702
202,1319
202,2156
203,156
203,703
203,1320
203,2157
204,67
204,704
204,1321
204,904
205,99
205,575
205,1322
205,276
206,3
206,557
206,808
206,1998
207,157
207,705
207,1323
207,2018
208,158
208,706
208,1324
208,2158
209,159
209,707
209,740
209,999
210,53
210,708
210,1325
210,2159
211,154
211,709
211,1063
211,2160
212,160
212,710
212,1326
212,2161
213,161
213,711
213,909
213,1517
214,162
214,712
214,715
214,1336
215,82
215,713
215,1314
215,2116
216,163
216,714
216,868
216,2162
217,32
217,715
217,303
217,814
218,164
218,580
218,1327
218,2163
219,165
219,716
219,1328
219,2164
220,166
220,717
220,878
220,2165
221,124
221,718
221,585
221,1566
222,167
222,719
222,1329
222,1078
223,168
223,720
223,1330
223,2166
224,127
224,721
224,1331
224,2116
225,169
225,722
225,1332
225,2167
226,170
226,723
226,1333
226,2168
227,171
227,724
227,1334
227,2169
228,172
228,725
228,1335
228,2170
229,173
229,606
229,1336
229,2171
230,2
230,726
230,1337
230,2172
231,174
231,727
231,1338
231,2173
232,175
232,728
232,585
232,2174
233,176
233,729
233,1339
233,2175
234,126
234,730
234,544
234,1281
235,82
235,619
235,590
235,701
236,177
236,631
236,1340
236,1470
237,178
237,731
237,1341
237,2176
238,47
238,732
238,1342
238,2177
239,179
239,733
239,1343
239,172
240,180
240,734
240,1344
240,599
241,64
241,723
241,1345
241,924
242,181
242,691
242,1346
242,2178
243,182
243,735
243,647
243,1346
244,183
244,736
244,1347
244,2179
245,177
245,737
245,1348
245,2180
246,74
246,738
246,561
246,1856
247,184
247,739
247,562
247,306
248,185
248,606
248,1341
248,1683
249,68
249,740
249,766
249,837
250,186
250,741
250,1349
250,2181
251,187
251,742
251,1350
251,2182
252,188
252,743
252,1351
252,2183
253,189
253,744
253,1352
253,2184
254,17
254,531
254,813
254,1606
255,175
255,745
255,1353
255,2185
256,190
256,648
256,1289
256,2167
257,86
257,746
257,957
257,2186
258,191
258,747
258,828
258,2187
259,192
259,748
259,1354
259,2188
260,193
260,749
260,1210
260,195
261,39
261,750
261,254
261,532
262,178
262,751
262,1159
262,2189
263,194
263,752
263,1355
263,2190
264,195
264,753
264,1356
264,723
265,196
265,754
265,1357
265,1245
266,49
266,755
266,1358
266,1498
267,85
267,756
267,1359
267,2112
268,54
268,757
268,833
268,696
269,74
269,758
269,674
269,2191
270,197
270,759
270,1360
270,2192
271,127
271,573
271,1361
271,1297
272,198
272,670
272,1362
272,2193
273,77
273,760
273,1363
273,110
274,199
274,761
274,1364
274,1274
275,94
275,762
275,1365
275,2194
276,126
276,763
276,532
276,1076
277,200
277,602
277,1363
277,2010
278,131
278,560
278,673
278,2195
279,201
279,764
279,948
279,29
280,67
280,651
280,704
280,2196
281,128
281,765
281,673
281,1095
282,67
282,766
282,818
282,570
283,202
283,767
283,1027
283,2197
284,11
284,692
284,1366
284,1518
285,154
285,768
285,1127
285,2198
286,203
286,769
286,935
286,2199
287,190
287,770
287,855
287,1410
288,200
288,751
288,11
288,1449
289,190
289,564
289,874
289,2200
290,204
290,593
290,1367
290,2201
291,205
291,771
291,1368
291,2202
292,22
292,772
292,786
292,2203
293,36
293,740
293,756
293,878
294,142
294,773
294,1331
294,2204
295,84
295,679
295,1232
295,2205
296,206
296,774
296,1063
296,2206
297,207
297,775
297,776
297,2207
298,15
298,645
298,1369
298,701
299,62
299,776
299,599
299,1677
300,208
300,777
300,1370
300,2208
301,34
301,778
301,878
301,1646
302,60
302,779
302,584
302,622
303,209
303,780
303,1371
303,2209
304,210
304,781
304,531
304,2210
305,211
305,782
305,1216
305,2211
306,133
306,663
306,874
306,2212
307,147
307,783
307,1006
307,561
308,153
308,784
308,1359
308,2213
309,212
309,785
309,1372
309,2214
310,58
310,786
310,623
310,1154
311,213
311,787
311,1373
311,2215
312,214
312,788
312,1374
312,2216
313,8
313,789
313,1375
313,2217
314,215
314,790
314,1362
314,305
315,92
315,631
315,1269
315,1065
316,32
316,791
316,1376
316,1013
317,216
317,792
317,1377
317,2218
318,217
318,793
318,1378
318,2219
319,218
319,794
319,1379
319,2220
320,71
320,604
320,538
320,2221
321,200
321,795
321,1380
321,2222
322,219
322,796
322,1381
322,2223
323,91
323,797
323,847
323,899
324,220
324,798
324,929
324,2224
325,128
325,799
325,548
325,428
326,71
326,800
326,1382
326,2225
327,92
327,801
327,1383
327,1053
328,221
328,802
328,1384
328,2226
329,222
329,803
329,1385
329,125
330,82
330,610
330,1386
330,2227
331,223
331,804
331,1387
331,722
332,224
332,805
332,1355
332,2228
333,4
333,591
333,529
333,1092
334,208
334,806
334,1388
334,156
335,225
335,780
335,1389
335,2229
336,226
336,807
336,654
336,2230
337,224
337,808
337,820
337,2231
338,227
338,809
338,1390
338,2232
339,99
339,810
339,1391
339,1047
340,228
340,811
340,1392
340,2233
341,71
341,604
341,1077
341,2221
342,156
342,812
342,701
342,777
343,200
343,813
343,1393
343,249
344,229
344,814
344,1394
344,2234
345,230
345,815
345,1335
345,2235
346,177
346,816
346,1395
346,2236
347,231
347,817
347,805
347,670
348,50
348,679
348,648
348,10
349,196
349,798
349,1396
349,2237
350,167
350,818
350,1397
350,2238
351,232
351,819
351,1398
351,2239
352,10
352,820
352,648
352,545
353,233
353,821
353,1164
353,2240
354,128
354,822
354,653
354,1020
355,99
355,810
355,575
355,233
356,234
356,823
356,904
356,692
357,235
357,824
357,1399
357,2241
358,11
358,659
358,1400
358,2242
359,191
359,602
359,991
359,211
360,236
360,818
360,1244
360,2243
361,237
361,825
361,1401
361,2244
362,238
362,826
362,1402
362,2245
363,44
363,572
363,607
363,834
364,128
364,531
364,1095
364,425
365,162
365,827
365,1403
365,1523
366,18
366,828
366,1404
366,2246
367,81
367,533
367,1405
367,2247
368,239
368,829
368,1406
368,2248
369,17
369,531
369,1407
369,1034
370,240
370,830
370,1408
370,2249
371,241
371,831
371,1409
371,2250
372,242
372,832
372,1276
372,1482
373,243
373,674
373,1410
373,1018
374,173
374,801
374,763
374,2251
375,104
375,833
375,1411
375,730
376,244
376,659
376,618
376,1190
377,41
377,834
377,1412
377,860
378,245
378,835
378,752
378,2252
379,246
379,836
379,635
379,2253
380,247
380,837
380,1056
380,2254
381,248
381,838
381,1413
381,2255
382,131
382,818
382,1414
382,491
383,89
383,839
383,1415
383,2256
384,54
384,840
384,1416
384,1677
385,1
385,841
385,1089
385,754
386,249
386,842
386,1417
386,1756
387,228
387,843
387,589
387,2257
388,78
388,687
388,816
388,2258
389,74
389,844
389,1418
389,2259
390,250
390,845
390,1217
390,2260
391,251
391,846
391,1419
391,2261
392,252
392,847
392,1420
392,573
393,28
393,848
393,991
393,1322
394,253
394,849
394,1421
394,2262
395,228
395,843
395,1422
395,939
396,105
396,850
396,1423
396,2263
397,254
397,851
397,718
397,1637
398,255
398,852
398,1424
398,596
399,122
399,853
399,1425
399,1758
400,200
400,854
400,632
400,4
401,256
401,855
401,694
401,2264
402,257
402,856
402,1426
402,2265
403,61
403,857
403,1427
403,2266
404,121
404,858
404,1428
404,2267
405,258
405,589
405,913
405,2268
406,259
406,859
406,850
406,2269
407,42
407,860
407,534
407,570
408,260
408,861
408,1429
408,1070
409,10
409,661
409,1164
409,1095
410,261
410,862
410,1430
410,2270
411,262
411,863
411,1431
411,2271
412,22
412,786
412,1189
412,2272
413,263
413,864
413,1432
413,1039
414,264
414,865
414,1433
414,2273
415,265
415,866
415,542
415,2274
416,266
416,867
416,1434
416,2275
417,267
417,868
417,1217
417,2276
418,268
418,801
418,1435
418,180
419,92
419,631
419,1269
419,1244
420,28
420,649
420,1299
420,2277
421,180
421,687
421,1085
421,2278
422,269
422,869
422,1436
422,2279
423,142
423,870
423,1437
423,2280
424,270
424,672
424,630
424,2281
425,91
425,582
425,763
425,2282
426,64
426,687
426,1376
426,2283
427,271
427,866
427,663
427,600
428,6
428,545
428,1035
428,2284
429,272
429,871
429,1438
429,2285
430,273
430,872
430,1439
430,2286
431,95
431,873
431,1440
431,2287
432,137
432,874
432,569
432,841
433,64
433,875
433,1441
433,1299
434,126
434,544
434,1281
434,609
435,274
435,876
435,1442
435,2288
436,3
436,791
436,1443
436,803
437,275
437,681
437,1416
437,1437
438,276
438,877
438,1444
438,2289
439,166
439,878
439,1445
439,1267
440,277
440,879
440,1446
440,2290
441,191
441,546
441,724
441,751
442,180
442,880
442,626
442,2291
443,108
443,881
443,1447
443,2292
444,7
444,546
444,1448
444,2293
445,278
445,882
445,1406
445,2294
446,279
446,883
446,1449
446,2295
447,280
447,884
447,630
447,2296
448,281
448,885
448,1450
448,1223
449,282
449,886
449,1451
449,2297
450,216
450,823
450,1452
450,2298
451,67
451,887
451,704
451,2196
452,131
452,888
452,1453
452,2299
453,283
453,622
453,1454
453,2300
454,91
454,582
454,763
454,2282
455,284
455,889
455,1455
455,774
456,285
456,890
456,1456
456,2301
457,256
457,674
457,1401
457,2302
458,237
458,700
458,1154
458,2303
459,228
459,722
459,746
459,392
460,69
460,848
460,1457
460,2304
461,55
461,891
461,855
461,544
462,286
462,892
462,1458
462,2305
463,287
463,797
463,1459
463,1053
464,288
464,893
464,1460
464,2306
465,289
465,894
465,1461
465,2307
466,67
466,766
466,1249
466,818
467,173
467,758
467,562
467,2308
468,131
468,895
468,1137
468,2309
469,124
469,896
469,1462
469,2310
470,237
470,897
470,1463
470,963
471,34
471,738
471,562
471,162
472,290
472,898
472,1464
472,821
473,291
473,899
473,562
473,2311
474,92
474,631
474,1269
474,2109
475,55
475,900
475,864
475,2312
476,292
476,587
476,1465
476,2313
477,293
477,901
477,1466
477,2314
478,294
478,902
478,1467
478,2315
479,295
479,903
479,1468
479,1908
480,28
480,554
480,1469
480,2316
481,134
481,858
481,1470
481,751
482,163
482,904
482,645
482,2317
483,20
483,562
483,1019
483,320
484,296
484,905
484,1471
484,2318
485,169
485,906
485,1472
485,707
486,297
486,907
486,812
486,641
487,298
487,908
487,1473
487,2319
488,299
488,909
488,671
488,2320
489,5
489,910
489,1408
489,2128
490,300
490,911
490,1474
490,2321
491,217
491,793
491,1475
491,2322
492,34
492,751
492,1395
492,1018
493,301
493,912
493,1476
493,1216
494,302
494,913
494,1477
494,774
495,303
495,914
495,1478
495,2323
496,5
496,915
496,1479
496,2324
497,5
497,542
497,663
497,248
498,94
498,916
498,1225
498,2325
499,91
499,813
499,1480
499,2326
500,304
500,917
500,1481
500,1331
501,242
501,832
501,1482
501,2327
502,305
502,721
502,1483
502,1225
503,92
503,918
503,1484
503,2328
504,306
504,919
504,724
504,2005
505,307
505,920
505,599
505,2329
506,308
506,921
506,1485
506,2330
507,166
507,779
507,1020
507,2331
508,309
508,600
508,1486
508,878
509,76
509,922
509,1487
509,758
510,256
510,827
510,1013
510,2332
511,310
511,923
511,1488
511,2333
512,60
512,924
512,1489
512,2334
513,60
513,925
513,776
513,2335
514,202
514,658
514,1490
514,1504
515,200
515,926
515,1491
515,2336
516,76
516,927
516,1492
516,1676
517,50
517,860
517,1190
517,594
518,124
518,928
518,587
518,422
519,215
519,790
519,1362
519,2337
520,90
520,899
520,1493
520,2338
521,311
521,929
521,1494
521,2339
522,28
522,569
522,960
522,2340
523,312
523,930
523,1495
523,2341
524,313
524,910
524,790
524,2342
525,314
525,931
525,1496
525,249
526,315
526,932
526,1497
526,2343
527,6
527,933
527,1336
527,915
528,316
528,934
528,1498
528,2344
529,166
529,712
529,900
529,1721
530,317
530,724
530,595
530,1944
531,78
531,935
531,1499
531,554
532,318
532,936
532,1500
532,2345
533,34
533,609
533,1501
533,2346
534,303
534,763
534,1502
534,2347
535,319
535,937
535,1503
535,2348
536,320
536,938
536,803
536,2349
537,126
537,603
537,1504
537,2350
538,228
538,939
538,609
538,553
539,321
539,940
539,778
539,2351
540,322
540,941
540,1505
540,2352
541,322
541,644
541,1506
541,2353
542,224
542,942
542,935
542,820
543,323
543,650
543,1507
543,2354
544,324
544,868
544,1508
544,1838
545,175
545,630
545,1477
545,2355
546,325
546,860
546,815
546,579
547,251
547,943
547,1509
547,2356
548,147
548,783
548,1006
548,15
549,326
549,888
549,1070
549,758
550,327
550,944
550,1510
550,2357
551,48
551,698
551,1424
551,2358
552,328
552,860
552,1511
552,2359
553,106
553,945
553,1187
553,791
554,329
554,946
554,1512
554,2360
555,330
555,947
555,577
555,2361
556,331
556,948
556,1513
556,1201
557,93
557,891
557,860
557,2362
558,332
558,938
558,1137
558,677
559,82
559,929
559,1065
559,478
560,182
560,707
560,1514
560,999
561,247
561,837
561,1056
561,2363
562,333
562,949
562,912
562,2364
563,288
563,950
563,1515
563,2365
564,334
564,951
564,1516
564,1789
565,81
565,780
565,590
565,581
566,335
566,587
566,690
566,721
567,161
567,952
567,1517
567,909
568,336
568,953
568,591
568,596
569,54
569,954
569,1518
569,2366
570,135
570,955
570,1519
570,2367
571,337
571,623
571,1520
571,714
572,19
572,956
572,1114
572,1675
573,85
573,561
573,676
573,2368
574,121
574,918
574,1521
574,1874
575,106
575,582
575,1522
575,1621
576,72
576,957
576,1523
576,2369
577,44
577,958
577,622
577,1085
578,338
578,690
578,1389
578,2370
579,10
579,661
579,1164
579,1950
580,7
580,815
580,1524
580,2371
581,339
581,959
581,1525
581,2372
582,340
582,642
582,1526
582,18
583,341
583,960
583,1527
583,2373
584,337
584,961
584,1528
584,1188
585,64
585,962
585,602
585,1950
586,342
586,963
586,1529
586,2374
587,343
587,964
587,626
587,690
588,84
588,887
588,768
588,2375
589,344
589,740
589,598
589,1851
590,345
590,965
590,1530
590,2376
591,346
591,966
591,1531
591,2377
592,276
592,962
592,1532
592,1794
593,61
593,966
593,1533
593,2378
594,347
594,967
594,760
594,488
595,237
595,897
595,1534
595,2235
596,348
596,878
596,1504
596,2379
597,349
597,968
597,1366
597,1454
598,350
598,570
598,786
598,2380
599,351
599,969
599,1535
599,2381
600,237
600,602
600,1158
600,1088
601,252
601,612
601,531
601,2382
602,352
602,970
602,537
602,867
603,48
603,941
603,1536
603,2383
604,289
604,900
604,1166
604,1647
605,353
605,971
605,1537
605,2384
606,354
606,972
606,1053
606,2385
607,10
607,973
607,1538
607,2386
608,93
608,974
608,539
608,2387
609,355
609,975
609,1539
609,2388
610,356
610,976
610,1540
610,2389
611,357
611,610
611,1530
611,2390
612,358
612,977
612,1541
612,2391
613,287
613,897
613,1542
613,956
614,64
614,958
614,1543
614,2392
615,156
615,978
615,184
615,2393
616,120
616,979
616,593
616,2394
617,359
617,980
617,1544
617,2395
618,4
618,981
618,1545
618,682
619,22
619,982
619,718
619,1515
620,137
620,564
620,1546
620,553
621,360
621,983
621,1547
621,2396
622,47
622,984
622,1548
622,2397
623,361
623,940
623,1549
624,362
624,985
624,1550
624,1768
625,262
625,986
625,863
625,1769
626,171
626,987
626,900
626,47
627,125
627,587
627,757
627,1431
628,363
628,988
628,1551
628,1770
629,49
629,989
629,981
629,1186
630,137
630,990
630,874
630,1771
631,131
631,561
631,1552
631,1724
632,191
632,991
632,1553
632,1476
633,364
633,992
633,1554
633,1772
634,365
634,993
634,1555
634,1773
635,366
635,994
635,1556
635,1774
636,36
636,995
636,1470
636,623
637,131
637,589
637,745
637,1775
638,61
638,723
638,651
638,736
639,367
639,996
639,1557
639,1776
640,368
640,997
640,1558
640,1777
641,5
641,899
641,1050
641,1778
642,369
642,998
642,1559
642,1779
643,228
643,999
643,1560
643,1405
644,370
644,1000
644,1561
644,1780
645,371
645,1001
645,1562
645,1781
646,372
646,1002
646,1563
646,1782
647,224
647,805
647,947
647,1783
648,373
648,1003
648,1564
648,1784
649,203
649,1004
649,1565
649,1785
650,29
650,1005
650,1566
650,1786
651,41
651,1006
651,1567
651,1787
652,374
652,1007
652,935
652,1788
653,175
653,740
653,1254
653,1426
654,223
654,1008
654,1568
654,1789
655,375
655,1009
655,1569
655,1790
656,50
656,783
656,1570
656,736
657,376
657,1010
657,1233
657,1791
658,196
658,754
658,1571
658,1792
659,276
659,1011
659,1572
659,1793
660,377
660,1012
660,1573
660,1565
661,36
661,555
661,1574
661,1472
662,242
662,681
662,1575
662,1794
663,378
663,1013
663,958
663,589
664,256
664,1014
664,1576
664,1795
665,264
665,1015
665,1577
665,1796
666,268
666,766
666,1578
666,1797
667,288
667,923
667,631
667,1798
668,60
668,1016
668,798
668,1799
669,60
669,538
669,1019
669,1800
670,69
670,968
670,941
670,1801
671,59
671,1017
671,1579
671,1802
672,61
672,1018
672,966
672,1803
673,317
673,1019
673,1580
673,1804
674,30
674,1020
674,731
674,1805
675,86
675,924
675,575
675,752
676,379
676,1021
676,883
676,1806
677,247
677,1022
677,1581
677,1709
678,380
678,581
678,1582
678,1807
679,381
679,1023
679,1583
679,1808
680,382
680,1024
680,1584
680,1809
681,10
681,661
681,1164
681,1095
682,383
682,825
682,1340
682,1810
683,47
683,1025
683,1532
683,1811
684,380
684,1026
684,1585
684,1812
685,5
685,1027
685,1095
685,1813
686,59
686,1028
686,1006
686,1814
687,384
687,1029
687,1586
687,1815
688,385
688,715
688,791
688,1816
689,54
689,1030
689,1587
689,1817
690,136
690,1031
690,640
690,570
691,31
691,1032
691,1077
691,1818
692,386
692,1033
692,1588
692,1819
693,59
693,766
693,543
693,1245
694,387
694,617
694,664
694,1820
695,388
695,1034
695,1589
695,1821
696,193
696,1035
696,1590
696,1822
697,200
697,1027
697,534
697,795
698,389
698,1036
698,1591
698,1823
699,390
699,1037
699,889
699,1824
700,391
700,1038
700,1592
700,1825
701,276
701,718
701,1593
701,1826
702,60
702,751
702,1016
702,1827
703,390
703,1039
703,763
703,1828
704,392
704,587
704,1594
704,1829
705,154
705,1040
705,863
705,1830
706,393
706,1041
706,1595
706,1831
707,6
707,701
707,1596
707,1832
708,124
708,974
708,1504
708,608
709,67
709,1042
709,745
709,1040
710,394
710,891
710,1308
710,1621
711,161
711,711
711,909
711,1517
712,395
712,1043
712,1597
712,1833
713,396
713,607
713,760
713,1070
714,397
714,1044
714,1598
714,1834
715,137
715,589
715,1599
715,1835
716,398
716,1045
716,587
716,990
717,399
717,1046
717,1600
717,1836
718,400
718,851
718,1601
718,1837
719,78
719,941
719,618
719,631
720,36
720,740
720,756
720,1838
721,195
721,753
721,1217
721,791
722,401
722,1047
722,1602
722,1839
723,228
723,1048
723,843
723,1422
724,402
724,1049
724,1603
724,1840
725,403
725,1050
725,1604
725,1841
726,41
726,1051
726,672
726,1006
727,27
727,548
727,1605
727,1842
728,254
728,728
728,1606
728,1843
729,262
729,648
729,1336
729,1844
730,404
730,1052
730,1607
730,1845
731,255
731,874
731,740
731,1846
732,122
732,667
732,991
732,1847
733,405
733,1053
733,1608
733,1848
734,54
734,1054
734,1609
734,670
735,406
735,681
735,1610
735,1532
736,310
736,878
736,1611
736,1190
737,103
737,1055
737,1612
737,1713
738,69
738,738
738,570
738,1849
739,50
739,687
739,713
739,1850
740,407
740,1056
740,1354
740,1851
741,68
741,1057
741,1613
741,1852
742,302
742,1058
742,820
742,1853
743,408
743,1059
743,1614
743,1854
744,338
744,616
744,1189
744,162
745,100
745,1060
745,1615
745,1855
746,409
746,590
746,957
746,1856
747,410
747,1061
747,1616
747,1857
748,380
748,585
748,1617
748,1858
749,411
749,1062
749,1618
749,1859
750,177
750,1063
750,1619
750,1860
751,374
751,612
751,1388
751,1861
752,412
752,1064
752,1620
752,1862
753,171
753,1065
753,1621
753,1863
754,401
754,1066
754,640
754,1864
755,413
755,1067
755,1622
755,1865
756,70
756,590
756,1623
756,1866
757,414
757,1068
757,1037
757,1867
758,415
758,1069
758,1624
758,1868
759,416
759,1070
759,1110
759,51
760,60
760,1071
760,679
760,1869
761,417
761,682
761,1625
761,1321
762,418
762,560
762,978
762,1870
763,129
763,1072
763,1567
763,1084
764,161
764,589
764,1027
764,1871
765,288
765,630
765,1626
765,1872
766,95
766,1073
766,1627
766,1873
767,419
767,637
767,1189
767,1874
768,419
768,687
768,723
768,1875
769,420
769,1074
769,1628
769,1876
770,421
770,1075
770,805
770,1877
771,127
771,1076
771,1343
771,1297
772,422
772,1077
772,1629
772,1878
773,211
773,868
773,1445
773,1879
774,423
774,605
774,1630
774,1880
775,74
775,724
775,1631
775,1881
776,167
776,1078
776,306
776,650
777,424
777,1079
777,1632
777,1882
778,425
778,1060
778,1633
778,1883
779,426
779,1080
779,1634
779,1884
780,18
780,1075
780,1635
780,1885
781,262
781,599
781,1636
781,1886
782,30
782,1081
782,1317
782,1887
783,243
783,1082
783,1637
783,1888
784,427
784,1083
784,1638
784,1509
785,32
785,782
785,1639
785,1889
786,54
786,1084
786,1640
786,1890
787,428
787,1085
787,575
787,1891
788,429
788,1086
788,1354
788,1892
789,228
789,1087
789,710
789,843
790,5
790,590
790,596
790,1893
791,181
791,1088
791,707
791,1894
792,85
792,1051
792,1455
792,1895
793,36
793,1089
793,1641
793,1896
794,430
794,1090
794,1642
794,1897
795,72
795,1089
795,791
795,1898
796,178
796,1091
796,1643
796,1899
797,50
797,1092
797,1644
797,1900
798,121
798,564
798,1645
798,1901
799,262
799,1093
799,1646
799,1902
800,122
800,667
800,790
800,603
801,431
801,1094
801,783
801,1903
802,171
802,1095
802,982
802,1904
803,432
803,1096
803,1647
803,1905
804,44
804,1097
804,699
804,1906
805,291
805,715
805,1648
805,1907
806,60
806,1098
806,864
806,669
807,131
807,1099
807,1190
807,1908
808,106
808,703
808,1225
808,1909
809,433
809,603
809,1649
809,1910
810,342
810,1100
810,807
810,1911
811,434
811,1101
811,1650
811,1912
812,42
812,714
812,1651
812,1913
813,138
813,731
813,1652
813,1914
814,435
814,569
814,1653
814,1177
815,135
815,645
815,641
815,898
816,34
816,739
816,933
816,440
817,436
817,1102
817,1654
817,1915
818,191
818,1103
818,945
818,1916
819,437
819,668
819,1655
819,1917
820,438
820,1104
820,1656
820,1918
821,439
821,1105
821,910
821,1919
822,440
822,1106
822,578
822,17
823,283
823,760
823,1657
823,1920
824,441
824,1107
824,1484
824,1921
825,161
825,773
825,1018
825,945
826,442
826,970
826,1121
826,1922
827,276
827,1108
827,654
827,1923
828,443
828,1109
828,1658
828,1032
829,202
829,1110
829,1659
829,1924
830,444
830,1111
830,1660
830,1925
831,247
831,1112
831,1661
831,1926
832,109
832,652
832,1139
832,1927
833,147
833,557
833,791
833,1928
834,4
834,576
834,1662
834,1929
835,350
835,1113
835,825
835,1190
836,280
836,1114
836,1663
836,540
837,445
837,1115
837,1664
837,1930
838,228
838,1116
838,1665
838,1931
839,446
839,1117
839,1666
839,1932
840,288
840,1118
840,1667
840,1933
841,93
841,539
841,974
841,722
842,383
842,1119
842,1523
842,1412
843,290
843,940
843,664
843,1934
844,447
844,1120
844,1181
844,1935
845,34
845,1066
845,1027
845,1936
846,34
846,1121
846,1668
846,864
847,448
847,1122
847,1669
847,1937
848,377
848,1123
848,1670
848,1938
849,449
849,1124
849,1671
849,1301
850,450
850,1125
850,1423
850,1939
851,451
851,1126
851,969
851,1940
852,268
852,673
852,1672
852,1189
853,50
853,958
853,607
853,1095
854,441
854,978
854,573
854,1941
855,289
855,1127
855,173
855,1166
856,452
856,1128
856,1673
856,1942
857,50
857,541
857,1674
857,1943
858,324
858,1129
858,1675
858,1944
859,453
859,1130
859,1676
859,1132
860,173
860,1131
860,1677
860,1945
861,454
861,1132
861,1678
861,1946
862,455
862,1133
862,1679
862,1947
863,121
863,591
863,794
863,894
864,61
864,1134
864,1680
864,1053
865,311
865,1135
865,1137
865,320
866,92
866,1136
866,1681
866,1757
867,177
867,1137
867,1682
867,1948
868,456
868,1138
868,1683
868,884
869,109
869,1139
869,652
869,1949
870,126
870,589
870,1684
870,1950
871,457
871,1140
871,1685
871,1951
872,458
872,1141
872,1686
872,1952
873,82
873,1142
873,661
873,1953
874,15
874,1123
874,1605
874,1954
875,459
875,909
875,1687
875,1955
876,317
876,740
876,1688
876,1956
877,244
877,774
877,1689
877,1957
878,305
878,742
878,731
878,1118
879,154
879,760
879,1690
879,382
880,72
880,957
880,603
880,1523
881,460
881,1143
881,1691
881,1958
882,461
882,1144
882,1692
882,1788
883,41
883,891
883,763
883,929
884,128
884,561
884,1693
884,1959
885,244
885,822
885,1694
885,1960
886,64
886,687
886,1695
886,1961
887,64
887,1145
887,619
887,1962
888,100
888,1146
888,1696
888,1963
889,462
889,1147
889,1697
889,1964
890,156
890,991
890,608
890,605
891,463
891,1148
891,1698
891,1965
892,139
892,623
892,1699
892,1966
893,74
893,1149
893,1700
893,1967
894,464
894,1150
894,1701
894,1739
895,247
895,1151
895,1702
895,1968
896,465
896,1152
896,663
896,1969
897,5
897,742
897,636
897,1197
898,466
898,1153
898,1703
898,1970
899,459
899,868
899,1704
899,1971
900,467
900,561
900,1705
900,1972
901,169
901,1154
901,1706
901,1973
902,73
902,1155
902,1707
902,1974
903,92
903,1156
903,1708
903,579
904,211
904,687
904,868
904,1879
905,468
905,1018
905,694
905,935
906,420
906,555
906,1709
906,710
907,469
907,1157
907,1710
907,1392
908,135
908,1158
908,616
908,1975
909,470
909,1089
909,1711
909,1976
910,6
910,848
910,766
910,704
911,471
911,1159
911,1712
911,825
912,472
912,1160
912,1713
912,1880
913,473
913,1161
913,925
913,1977
914,474
914,1162
914,1714
914,1978
915,475
915,1019
915,1715
915,1979
916,476
916,1163
916,1716
916,1980
917,247
917,1164
917,1717
917,1981
918,477
918,1165
918,1718
918,1982
919,478
919,1166
919,1567
919,1983
920,392
920,1167
920,1719
920,1984
921,28
921,1168
921,1076
921,1985
922,479
922,1169
922,1720
922,1986
923,100
923,1170
923,623
923,1327
924,480
924,644
924,874
924,1987
925,481
925,969
925,1126
925,1114
926,81
926,533
926,1405
926,1988
927,482
927,1171
927,609
927,1989
928,4
928,888
928,1721
928,1990
929,29
929,1172
929,1722
929,1991
930,483
930,1173
930,19
930,1992
931,484
931,1174
931,1188
931,1993
932,216
932,875
932,1723
932,1994
933,404
933,852
933,1724
933,1337
934,479
934,880
934,1725
934,1995
935,485
935,1175
935,1726
935,1996
936,237
936,825
936,1727
936,1574
937,486
937,1176
937,1728
937,1997
938,487
938,1177
938,851
938,1998
939,311
939,570
939,1729
939,1999
940,135
940,745
940,608
940,93
941,488
941,648
941,1480
941,2000
942,81
942,533
942,1405
942,2001
943,489
943,1178
943,1730
943,2002
944,210
944,598
944,1731
944,1696
945,71
945,1179
945,1620
945,2003
946,490
946,1180
946,1732
946,2004
947,491
947,1181
947,1733
947,2005
948,492
948,1182
948,1734
948,2006
949,493
949,1183
949,1735
949,2007
950,494
950,1184
950,1736
950,2008
951,495
951,1185
951,1737
951,567
952,135
952,703
952,1738
952,2009
953,464
953,1150
953,1739
953,1701
954,496
954,1186
954,1740
954,2010
955,265
955,1035
955,1517
955,1127
956,100
956,1187
956,611
956,803
957,497
957,1188
957,1741
957,2011
958,131
958,924
958,608
958,2012
959,243
959,1189
959,1742
959,1366
960,498
960,1190
960,763
960,2013
961,3
961,1027
961,1159
961,2014
962,336
962,1191
962,1681
962,2015
963,178
963,978
963,1085
963,451
964,499
964,1192
964,1743
964,2016
965,500
965,1193
965,1744
965,1881
966,501
966,1075
966,1745
966,2017
967,502
967,1194
967,1054
967,2018
968,156
968,593
968,1746
968,2019
969,503
969,1195
969,1747
969,2020
970,41
970,621
970,1571
970,1848
971,504
971,1196
971,1748
971,2021
972,161
972,1197
972,1749
972,2022
973,299
973,1198
973,1750
973,742
974,505
974,1199
974,1751
974,2023
975,506
975,1200
975,1752
975,2024
976,507
976,1201
976,1753
976,2025
977,45
977,1202
977,633
977,878
978,368
978,1203
978,1754
978,2026
979,508
979,1159
979,554
979,1300
980,509
980,1204
980,1755
980,2027
981,510
981,1205
981,1756
981,2028
982,511
982,960
982,813
982,740
983,512
983,1123
983,1757
983,2029
984,513
984,1206
984,1758
984,2030
985,514
985,1124
985,1759
985,2031
986,515
986,713
986,555
986,2032
987,516
987,1207
987,1760
987,1918
988,517
988,854
988,1507
988,2033
989,518
989,1208
989,1761
989,2034
990,433
990,1209
990,718
990,2035
991,519
991,1210
991,1244
991,2036
992,520
992,1211
992,1762
992,2037
993,521
993,1113
993,1763
993,774
994,31
994,1212
994,1663
994,2038
995,495
995,1213
995,1764
995,2039
996,90
996,543
996,955
996,2040
997,522
997,1214
997,1765
997,2041
998,523
998,1215
998,1766
998,2042
999,524
999,1216
999,1767
999,2043
1000,525
1000,591
1000,1583
1000,2044
