DID,AID
D10,1
D10,526
D10,648
D10,607
D11,2
D11,527
D11,557
D11,590
D12,3
D12,528
D12,657
D12,2045
D12,4
D12,401
D12,1016
D12,978
D12,5
D12,529
D12,910
D12,610
D12,6
D12,530
D12,1217
D12,2046
D13,7
D13,531
D13,1218
D13,647
D13,8
D13,532
D13,1219
D13,1906
D14,9
D14,533
D14,805
D14,1444
D14,10
D14,534
D14,1210
D14,2047
D15,11
D15,535
D15,1220
D15,2048
D16,12
D16,536
D16,1221
D16,243
D17,13
D17,537
D17,1222
D17,2049
D18,14
D18,538
D18,1223
D18,2050
D19,15
D19,539
D19,1224
D19,2051
D19,16
D19,540
D19,700
D19,2052
D20,17
D20,541
D20,913
D20,192
D21,6
D21,542
D21,692
D21,2053
D22,18
D22,543
D22,721
D22,2054
D22,19
D22,544
D22,986
D22,2055
D22,4
D22,545
D22,605
D22,1307
D23,20
D23,546
D23,1225
D23,2056
D24,21
D24,547
D24,1226
D24,2057
D25,22
D25,548
D25,309
D25,1287
D26,23
D26,549
D26,1227
D26,168
D27,24
D27,550
D27,1228
D27,2058
D28,25
D28,551
D28,1229
D28,2059
D28,26
D28,552
D28,1230
D28,2060
D28,27
D28,553
D28,1057
D28,2061
D28,28
D28,554
D28,1075
D28,2062
D29,29
D29,555
D29,1231
D29,2063
D30,19
D30,556
D30,1232
D30,1578
D31,3
D31,557
D31,808
D31,1202
D31,30
D31,558
D31,1216
D31,2064
D32,31
D32,559
D32,1212
D32,2065
D33,32
D33,560
D33,303
D33,2066
D34,4
D34,561
D34,619
D34,2067
D35,33
D35,562
D35,818
D35,2068
D36,34
D36,534
D36,1233
D36,2069
D37,35
D37,563
D37,1234
D37,2070
D38,36
D38,564
D38,602
D38,2071
D39,37
D39,565
D39,1235
D39,2072
D40,38
D40,566
D40,1236
D40,2073
D41,39
D41,567
D41,1237
D41,1534
D42,40
D42,568
D42,1238
D42,2074
D42,41
D42,569
D42,1127
D42,1028
D43,42
D43,570
D43,981
D43,2055
D43,43
D43,571
D43,1239
D43,2075
D43,44
D43,572
D43,1179
D43,607
D44,45
D44,573
D44,788
D44,2076
D45,46
D45,574
D45,1240
D45,626
D46,47
D46,575
D46,1241
D46,2077
D47,48
D47,576
D47,955
D47,539
D48,49
D48,577
D48,1242
D48,1217
D48,50
D48,578
D48,582
D48,306
D49,17
D49,579
D49,957
D49,2078
D50,51
D50,580
D50,894
D50,2079
D51,52
D51,581
D51,1243
D51,2080
D52,53
D52,581
D52,1244
D52,1437
D52,54
D52,582
D52,1245
D52,2081
D53,55
D53,583
D53,679
D53,1653
D54,56
D54,584
D54,1246
D54,1999
D54,57
D54,585
D54,730
D54,1745
D55,58
D55,586
D55,937
D55,2082
D55,50
D55,587
D55,978
D55,2083
D55,59
D55,588
D55,715
D55,306
D55,60
D55,589
D55,647
D55,864
D55,61
D55,590
D55,1202
D55,2084
D56,62
D56,591
D56,1247
D56,2085
D57,60
D57,592
D57,1248
D57,2086
D58,63
D58,593
D58,1071
D58,2087
D59,64
D59,554
D59,1249
D59,2088
D60,65
D60,594
D60,659
D60,2089
D61,5
D61,595
D61,848
D61,924
D62,66
D62,596
D62,847
D62,2090
D63,41
D63,597
D63,699
D63,377
D64,67
D64,598
D64,978
D64,317
D65,64
D65,599
D65,1250
D65,2091
D66,41
D66,597
D66,699
D66,1910
D67,68
D67,564
D67,1251
D67,2092
D68,69
D68,600
D68,1177
D68,1721
D68,70
D68,601
D68,1252
D68,2093
D69,69
D69,602
D69,910
D69,4
D69,55
D69,603
D69,1253
D69,2094
D70,71
D70,604
D70,538
D70,837
D70,1
D70,605
D70,1254
D70,2095
D70,55
D70,606
D70,1065
D70,2096
D70,72
D70,607
D70,594
D70,1077
D71,73
D71,592
D71,1255
D71,2097
D72,55
D72,608
D72,647
D72,2098
D72,74
D72,556
D72,610
D72,1869
D72,75
D72,609
D72,622
D72,938
D73,76
D73,610
D73,536
D73,605
D73,77
D73,611
D73,1256
D73,2099
D74,67
D74,598
D74,673
D74,780
D75,78
D75,612
D75,1257
D75,1491
D76,79
D76,613
D76,1258
D76,1679
D77,80
D77,614
D77,1259
D77,2100
D77,81
D77,615
D77,1260
D77,2101
D78,69
D78,616
D78,1261
D78,897
D79,61
D79,617
D79,588
D79,2102
D80,82
D80,618
D80,713
D80,1314
D81,6
D81,619
D81,564
D81,945
D82,83
D82,620
D82,1262
D82,2103
D82,84
D82,621
D82,692
D82,2104
D83,44
D83,622
D83,904
D83,1988
D83,85
D83,623
D83,1263
D83,2105
D83,86
D83,624
D83,1264
D83,655
D84,87
D84,625
D84,1265
D84,2106
D85,88
D85,626
D85,1240
D85,2107
D86,89
D86,627
D86,1266
D86,2108
D87,90
D87,628
D87,557
D87,1158
D87,49
D87,629
D87,1267
D87,537
D88,91
D88,630
D88,1268
D88,1168
D88,92
D88,631
D88,1269
D88,2109
D89,93
D89,632
D89,1216
D89,48
D90,94
D90,633
D90,1117
D90,689
D91,95
D91,634
D91,1270
D91,2110
D92,96
D92,635
D92,1271
D92,1248
D92,97
D92,636
D92,1272
D92,2111
D92,98
D92,637
D92,715
D92,1297
D93,99
D93,575
D93,848
D93,773
D93,100
D93,638
D93,608
D93,2112
D94,101
D94,639
D94,1273
D94,2113
D95,50
D95,640
D95,561
D95,136
D96,102
D96,641
D96,1190
D96,847
D97,60
D97,642
D97,1274
D97,2114
D98,103
D98,643
D98,1275
D98,2115
D99,104
D99,644
D99,798
D99,2116
D100,69
D100,640
D100,1276
D100,626
D101,34
D101,610
D101,1277
D101,2117
D102,22
D102,645
D102,1066
D102,701
D103,105
D103,646
D103,1278
D103,2118
D104,106
D104,647
D104,1279
D104,2119
D104,71
D104,604
D104,538
D104,1077
D105,7
D105,648
D105,963
D105,2120
D106,107
D106,573
D106,663
D106,1095
D107,69
D107,649
D107,860
D107,230
D108,69
D108,650
D108,673
D108,1887
D109,108
D109,651
D109,1280
D109,2121
D110,44
D110,572
D110,1281
D110,2122
D111,109
D111,652
D111,1282
D111,1927
D112,50
D112,653
D112,612
D112,1158
D112,110
D112,654
D112,1283
D112,2123
D113,111
D113,655
D113,1284
D113,2124
D114,112
D114,656
D114,1285
D114,2125
D115,113
D115,657
D115,1286
D115,2126
D116,114
D116,658
D116,709
D116,1599
D116,115
D116,602
D116,1287
D116,691
D117,54
D117,659
D117,1034
D117,622
D117,116
D117,660
D117,1288
D117,248
D117,10
D117,661
D117,1164
D117,2127
D117,117
D117,662
D117,1289
D117,2128
D117,57
D117,663
D117,1290
D117,2098
D118,118
D118,664
D118,1291
D118,2129
D118,119
D118,665
D118,1292
D118,2130
D119,120
D119,666
D119,1293
D119,2131
D120,121
D120,612
D120,823
D120,531
D121,115
D121,635
D121,1294
D121,2132
D121,122
D121,667
D121,790
D121,1244
D121,123
D121,668
D121,1295
D121,2133
D121,124
D121,669
D121,621
D121,929
D122,125
D122,670
D122,587
D122,801
D123,126
D123,671
D123,1296
D123,2134
D124,127
D124,672
D124,1297
D124,1630
D125,81
D125,533
D125,1298
D125,2135
D126,128
D126,673
D126,1095
D126,643
D127,129
D127,674
D127,947
D127,2136
D128,130
D128,675
D128,1299
D128,2137
D129,127
D129,655
D129,1300
D129,1523
D130,131
D130,676
D130,1301
D130,2138
D130,45
D130,677
D130,1302
D130,1523
D130,132
D130,678
D130,1303
D130,2139
D130,133
D130,679
D130,978
D130,428
D131,134
D131,680
D131,1304
D131,906
D132,135
D132,681
D132,1305
D132,2140
D132,136
D132,682
D132,747
D132,1623
D133,137
D133,683
D133,560
D133,2141
D134,138
D134,658
D134,1306
D134,2142
D135,139
D135,684
D135,1307
D135,1149
D136,140
D136,685
D136,1308
D136,2143
D137,141
D137,686
D137,1309
D137,2144
D138,142
D138,687
D138,979
D138,2145
D139,143
D139,593
D139,1310
D139,1512
D140,144
D140,688
D140,1311
D140,2146
D141,145
D141,689
D141,1312
D141,2147
D142,146
D142,690
D142,1313
D142,2148
D142,147
D142,619
D142,1314
D142,666
D142,7
D142,649
D142,900
D142,636
D142,148
D142,691
D142,669
D142,2149
D142,28
D142,692
D142,724
D142,2150
D143,149
D143,693
D143,1315
D143,2151
D143,150
D143,694
D143,818
D143,758
D143,151
D143,528
D143,800
D143,2152
D144,61
D144,695
D144,860
D144,2153
D145,32
D145,696
D145,715
D145,2154
D145,152
D145,697
D145,1316
D145,1730
D145,153
D145,698
D145,931
D145,1021
D146,33
D146,699
D146,1317
D146,2155
D146,154
D146,700
D146,1318
D146,1677
D147,126
D147,701
D147,1301
D147,1065
D148,155
D148,702
D148,1319
D148,2156
D149,156
D149,703
D149,1320
D149,2157
D150,67
D150,704
D150,1321
D150,904
D150,99
D150,575
D150,1322
D150,276
D150,3
D150,557
D150,808
D150,1998
D150,157
D150,705
D150,1323
D150,2018
D150,158
D150,706
D150,1324
D150,2158
D151,159
D151,707
D151,740
D151,999
D151,53
D151,708
D151,1325
D151,2159
D152,154
D152,709
D152,1063
D152,2160
D152,160
D152,710
D152,1326
D152,2161
D153,161
D153,711
D153,909
D153,1517
D154,162
D154,712
D154,715
D154,1336
D155,82
D155,713
D155,1314
D155,2116
D155,163
D155,714
D155,868
D155,2162
D156,32
D156,715
D156,303
D156,814
D157,164
D157,580
D157,1327
D157,2163
D157,165
D157,716
D157,1328
D157,2164
D157,166
D157,717
D157,878
D157,2165
D157,124
D157,718
D157,585
D157,1566
D158,167
D158,719
D158,1329
D158,1078
D159,168
D159,720
D159,1330
D159,2166
D160,127
D160,721
D160,1331
D160,2116
D161,169
D161,722
D161,1332
D161,2167
D162,170
D162,723
D162,1333
D162,2168
D163,171
D163,724
D163,1334
D163,2169
D164,172
D164,725
D164,1335
D164,2170
D164,173
D164,606
D164,1336
D164,2171
D164,2
D164,726
D164,1337
D164,2172
D164,174
D164,727
D164,1338
D164,2173
D164,175
D164,728
D164,585
D164,2174
D164,176
D164,729
D164,1339
D164,2175
D165,126
D165,730
D165,544
D165,1281
D165,82
D165,619
D165,590
D165,701
D166,177
D166,631
D166,1340
D166,1470
D167,178
D167,731
D167,1341
D167,2176
D167,47
D167,732
D167,1342
D167,2177
D167,179
D167,733
D167,1343
D167,172
D167,180
D167,734
D167,1344
D167,599
D167,64
D167,723
D167,1345
D167,924
D168,181
D168,691
D168,1346
D168,2178
D168,182
D168,735
D168,647
D168,183
D168,736
D168,1347
D168,2179
D168,177
D168,737
D168,1348
D168,2180
D169,74
D169,738
D169,561
D169,1856
D170,184
D170,739
D170,562
D170,306
D171,185
D171,606
D171,1341
D171,1683
D171,68
D171,740
D171,766
D171,837
D171,186
D171,741
D171,1349
D171,2181
D172,187
D172,742
D172,1350
D172,2182
D173,188
D173,743
D173,1351
D173,2183
D174,189
D174,744
D174,1352
D174,2184
D175,17
D175,531
D175,813
D175,1606
D176,175
D176,745
D176,1353
D176,2185
D177,190
D177,648
D177,1289
D177,2167
D178,86
D178,746
D178,957
D178,2186
D178,191
D178,747
D178,828
D178,2187
D179,192
D179,748
D179,1354
D179,2188
D180,193
D180,749
D180,1210
D180,195
D181,39
D181,750
D181,254
D181,532
D181,178
D181,751
D181,1159
D181,2189
D181,194
D181,752
D181,1355
D181,2190
D182,195
D182,753
D182,1356
D182,723
D183,196
D183,754
D183,1357
D183,1245
D183,49
D183,755
D183,1358
D183,1498
D183,85
D183,756
D183,1359
D183,2112
D184,54
D184,757
D184,833
D184,696
D184,74
D184,758
D184,674
D184,2191
D184,197
D184,759
D184,1360
D184,2192
D185,127
D185,573
D185,1361
D185,1297
D186,198
D186,670
D186,1362
D186,2193
D186,77
D186,760
D186,1363
D186,110
D186,199
D186,761
D186,1364
D186,1274
D187,94
D187,762
D187,1365
D187,2194
D187,126
D187,763
D187,532
D187,1076
D188,200
D188,602
D188,1363
D188,2010
D189,131
D189,560
D189,673
D189,2195
D190,201
D190,764
D190,948
D190,29
D191,67
D191,651
D191,704
D191,2196
D192,128
D192,765
D192,673
D192,1095
D193,67
D193,766
D193,818
D193,570
D194,202
D194,767
D194,1027
D194,2197
D194,11
D194,692
D194,1366
D194,1518
D194,154
D194,768
D194,1127
D194,2198
D195,203
D195,769
D195,935
D195,2199
D195,190
D195,770
D195,855
D195,1410
D196,200
D196,751
D196,11
D196,1449
D197,190
D197,564
D197,874
D197,2200
D197,204
D197,593
D197,1367
D197,2201
D198,205
D198,771
D198,1368
D198,2202
D199,22
D199,772
D199,786
D199,2203
D200,36
D200,740
D200,756
D200,878
D200,142
D200,773
D200,1331
D200,2204
D201,84
D201,679
D201,1232
D201,2205
D202,206
D202,774
D202,1063
D202,2206
D203,207
D203,775
D203,776
D203,2207
D204,15
D204,645
D204,1369
D204,701
D205,62
D205,776
D205,599
D205,1677
D206,208
D206,777
D206,1370
D206,2208
D207,34
D207,778
D207,878
D207,1646
D207,60
D207,779
D207,584
D207,622
D207,209
D207,780
D207,1371
D207,2209
D207,210
D207,781
D207,531
D207,2210
D208,211
D208,782
D208,1216
D208,2211
D208,133
D208,663
D208,874
D208,2212
D209,147
D209,783
D209,1006
D209,561
D210,153
D210,784
D210,1359
D210,2213
D211,212
D211,785
D211,1372
D211,2214
D212,58
D212,786
D212,623
D212,1154
D213,213
D213,787
D213,1373
D213,2215
D213,214
D213,788
D213,1374
D213,2216
D214,8
D214,789
D214,1375
D214,2217
D214,215
D214,790
D214,1362
D214,305
D215,92
D215,631
D215,1269
D215,1065
D216,32
D216,791
D216,1376
D216,1013
D217,216
D217,792
D217,1377
D217,2218
D218,217
D218,793
D218,1378
D218,2219
D218,218
D218,794
D218,1379
D218,2220
D219,71
D219,604
D219,538
D219,2221
D220,200
D220,795
D220,1380
D220,2222
D221,219
D221,796
D221,1381
D221,2223
D222,91
D222,797
D222,847
D222,899
D223,220
D223,798
D223,929
D223,2224
D223,128
D223,799
D223,548
D223,428
D223,71
D223,800
D223,1382
D223,2225
D224,92
D224,801
D224,1383
D224,1053
D224,221
D224,802
D224,1384
D224,2226
D225,222
D225,803
D225,1385
D225,125
D226,82
D226,610
D226,1386
D226,2227
D227,223
D227,804
D227,1387
D227,722
D227,224
D227,805
D227,1355
D227,2228
D228,4
D228,591
D228,529
D228,1092
D228,208
D228,806
D228,1388
D228,156
D229,225
D229,780
D229,1389
D229,2229
D229,226
D229,807
D229,654
D229,2230
D229,224
D229,808
D229,820
D229,2231
D230,227
D230,809
D230,1390
D230,2232
D231,99
D231,810
D231,1391
D231,1047
D232,228
D232,811
D232,1392
D232,2233
D233,71
D233,604
D233,1077
D233,2221
D233,156
D233,812
D233,701
D233,777
D233,200
D233,813
D233,1393
D233,249
D234,229
D234,814
D234,1394
D234,2234
D234,230
D234,815
D234,1335
D234,2235
D234,177
D234,816
D234,1395
D234,2236
D234,231
D234,817
D234,805
D234,670
D235,50
D235,679
D235,648
D235,10
D236,196
D236,798
D236,1396
D236,2237
D237,167
D237,818
D237,1397
D237,2238
D238,232
D238,819
D238,1398
D238,2239
D238,10
D238,820
D238,648
D238,545
D238,233
D238,821
D238,1164
D238,2240
D239,128
D239,822
D239,653
D239,1020
D240,99
D240,810
D240,575
D240,233
D241,234
D241,823
D241,904
D241,692
D242,235
D242,824
D242,1399
D242,2241
D243,11
D243,659
D243,1400
D243,2242
D243,191
D243,602
D243,991
D243,211
D243,236
D243,818
D243,1244
D243,2243
D243,237
D243,825
D243,1401
D243,2244
D244,238
D244,826
D244,1402
D244,2245
D245,44
D245,572
D245,607
D245,834
D245,128
D245,531
D245,1095
D245,425
D245,162
D245,827
D245,1403
D245,1523
D245,18
D245,828
D245,1404
D245,2246
D246,81
D246,533
D246,1405
D246,2247
D247,239
D247,829
D247,1406
D247,2248
D247,17
D247,531
D247,1407
D247,1034
D248,240
D248,830
D248,1408
D248,2249
D249,241
D249,831
D249,1409
D249,2250
D249,242
D249,832
D249,1276
D249,1482
D250,243
D250,674
D250,1410
D250,1018
D251,173
D251,801
D251,763
D251,2251
D252,104
D252,833
D252,1411
D252,730
D253,244
D253,659
D253,618
D253,1190
D254,41
D254,834
D254,1412
D254,860
D221,245
D221,835
D221,752
D221,2252
D255,246
D255,836
D255,635
D255,2253
D256,247
D256,837
D256,1056
D256,2254
D257,248
D257,838
D257,1413
D257,2255
D258,131
D258,818
D258,1414
D258,491
D259,89
D259,839
D259,1415
D259,2256
D259,54
D259,840
D259,1416
D259,1677
D260,1
D260,841
D260,1089
D260,754
D261,249
D261,842
D261,1417
D261,1756
D261,228
D261,843
D261,589
D261,2257
D261,78
D261,687
D261,816
D261,2258
D261,74
D261,844
D261,1418
D261,2259
D261,250
D261,845
D261,1217
D261,2260
D221,251
D221,846
D221,1419
D221,2261
D262,252
D262,847
D262,1420
D262,573
D263,28
D263,848
D263,991
D263,1322
D264,253
D264,849
D264,1421
D264,2262
D265,228
D265,843
D265,1422
D265,939
D266,105
D266,850
D266,1423
D266,2263
D267,254
D267,851
D267,718
D267,1637
D268,255
D268,852
D268,1424
D268,596
D269,122
D269,853
D269,1425
D269,1758
D270,200
D270,854
D270,632
D270,4
D271,256
D271,855
D271,694
D271,2264
D271,257
D271,856
D271,1426
D271,2265
D272,61
D272,857
D272,1427
D272,2266
D273,121
D273,858
D273,1428
D273,2267
D274,258
D274,589
D274,913
D274,2268
D274,259
D274,859
D274,850
D274,2269
D274,42
D274,860
D274,534
D274,570
D275,260
D275,861
D275,1429
D275,1070
D276,10
D276,661
D276,1164
D276,1095
D277,261
D277,862
D277,1430
D277,2270
D278,262
D278,863
D278,1431
D278,2271
D279,22
D279,786
D279,1189
D279,2272
D280,263
D280,864
D280,1432
D280,1039
D280,264
D280,865
D280,1433
D280,2273
D280,265
D280,866
D280,542
D280,2274
D280,266
D280,867
D280,1434
D280,2275
D281,267
D281,868
D281,1217
D281,2276
D282,268
D282,801
D282,1435
D282,180
D283,92
D283,631
D283,1269
D283,1244
D284,28
D284,649
D284,1299
D284,2277
D285,180
D285,687
D285,1085
D285,2278
D286,269
D286,869
D286,1436
D286,2279
D287,142
D287,870
D287,1437
D287,2280
D287,270
D287,672
D287,630
D287,2281
D288,91
D288,582
D288,763
D288,2282
D288,64
D288,687
D288,1376
D288,2283
D289,271
D289,866
D289,663
D289,600
D289,6
D289,545
D289,1035
D289,2284
D289,272
D289,871
D289,1438
D289,2285
D290,273
D290,872
D290,1439
D290,2286
D221,95
D221,873
D221,1440
D221,2287
D221,137
D221,874
D221,569
D221,841
D221,64
D221,875
D221,1441
D221,1299
D291,126
D291,544
D291,1281
D291,609
D292,274
D292,876
D292,1442
D292,2288
D293,3
D293,791
D293,1443
D293,803
D293,275
D293,681
D293,1416
D293,1437
D294,276
D294,877
D294,1444
D294,2289
D294,166
D294,878
D294,1445
D294,1267
D295,277
D295,879
D295,1446
D295,2290
D296,191
D296,546
D296,724
D296,751
D297,180
D297,880
D297,626
D297,2291
D298,108
D298,881
D298,1447
D298,2292
D299,7
D299,546
D299,1448
D299,2293
D300,278
D300,882
D300,1406
D300,2294
D301,279
D301,883
D301,1449
D301,2295
D302,280
D302,884
D302,630
D302,2296
D303,281
D303,885
D303,1450
D303,1223
D304,282
D304,886
D304,1451
D304,2297
D305,216
D305,823
D305,1452
D305,2298
D306,67
D306,887
D306,704
D306,2196
D307,131
D307,888
D307,1453
D307,2299
D308,283
D308,622
D308,1454
D308,2300
D308,91
D308,582
D308,763
D308,2282
D308,284
D308,889
D308,1455
D308,774
D308,285
D308,890
D308,1456
D308,2301
D309,256
D309,674
D309,1401
D309,2302
D310,237
D310,700
D310,1154
D310,2303
D311,228
D311,722
D311,746
D311,392
D312,69
D312,848
D312,1457
D312,2304
D312,55
D312,891
D312,855
D312,544
D313,286
D313,892
D313,1458
D313,2305
D313,287
D313,797
D313,1459
D313,1053
D314,288
D314,893
D314,1460
D314,2306
D315,289
D315,894
D315,1461
D315,2307
D316,67
D316,766
D316,1249
D316,818
D317,173
D317,758
D317,562
D317,2308
D317,131
D317,895
D317,1137
D317,2309
D317,124
D317,896
D317,1462
D317,2310
D318,237
D318,897
D318,1463
D318,963
D319,34
D319,738
D319,562
D319,162
D319,290
D319,898
D319,1464
D319,821
D320,291
D320,899
D320,562
D320,2311
D320,92
D320,631
D320,1269
D320,2109
D320,55
D320,900
D320,864
D320,2312
D321,292
D321,587
D321,1465
D321,2313
D322,293
D322,901
D322,1466
D322,2314
D323,294
D323,902
D323,1467
D323,2315
D324,295
D324,903
D324,1468
D324,1908
D325,28
D325,554
D325,1469
D325,2316
D325,134
D325,858
D325,1470
D325,751
D326,163
D326,904
D326,645
D326,2317
D327,20
D327,562
D327,1019
D327,320
D328,296
D328,905
D328,1471
D328,2318
D328,169
D328,906
D328,1472
D328,707
D328,297
D328,907
D328,812
D328,641
D328,298
D328,908
D328,1473
D328,2319
D329,299
D329,909
D329,671
D329,2320
D330,5
D330,910
D330,1408
D330,2128
D331,300
D331,911
D331,1474
D331,2321
D332,217
D332,793
D332,1475
D332,2322
D332,34
D332,751
D332,1395
D332,1018
D332,301
D332,912
D332,1476
D332,1216
D333,302
D333,913
D333,1477
D333,774
D334,303
D334,914
D334,1478
D334,2323
D335,5
D335,915
D335,1479
D335,2324
D336,5
D336,542
D336,663
D336,248
D337,94
D337,916
D337,1225
D337,2325
D338,91
D338,813
D338,1480
D338,2326
D339,304
D339,917
D339,1481
D339,1331
D339,242
D339,832
D339,1482
D339,2327
D340,305
D340,721
D340,1483
D340,1225
D340,92
D340,918
D340,1484
D340,2328
D341,306
D341,919
D341,724
D341,2005
D221,307
D221,920
D221,599
D221,2329
D221,308
D221,921
D221,1485
D221,2330
D342,166
D342,779
D342,1020
D342,2331
D343,309
D343,600
D343,1486
D343,878
D344,76
D344,922
D344,1487
D344,758
D344,256
D344,827
D344,1013
D344,2332
D345,310
D345,923
D345,1488
D345,2333
D346,60
D346,924
D346,1489
D346,2334
D347,60
D347,925
D347,776
D347,2335
D348,202
D348,658
D348,1490
D348,1504
D348,200
D348,926
D348,1491
D348,2336
D349,76
D349,927
D349,1492
D349,1676
D221,50
D221,860
D221,1190
D221,594
D350,124
D350,928
D350,587
D350,422
D350,215
D350,790
D350,1362
D350,2337
D350,90
D350,899
D350,1493
D350,2338
D351,311
D351,929
D351,1494
D351,2339
D352,28
D352,569
D352,960
D352,2340
D353,312
D353,930
D353,1495
D353,2341
D354,313
D354,910
D354,790
D354,2342
D355,314
D355,931
D355,1496
D355,249
D356,315
D356,932
D356,1497
D356,2343
D356,6
D356,933
D356,1336
D356,915
D357,316
D357,934
D357,1498
D357,2344
D357,166
D357,712
D357,900
D357,1721
D357,317
D357,724
D357,595
D357,1944
D357,78
D357,935
D357,1499
D357,554
D357,318
D357,936
D357,1500
D357,2345
D358,34
D358,609
D358,1501
D358,2346
D359,303
D359,763
D359,1502
D359,2347
D360,319
D360,937
D360,1503
D360,2348
D360,320
D360,938
D360,803
D360,2349
D361,126
D361,603
D361,1504
D361,2350
D361,228
D361,939
D361,609
D361,553
D362,321
D362,940
D362,778
D362,2351
D363,322
D363,941
D363,1505
D363,2352
D364,322
D364,644
D364,1506
D364,2353
D365,224
D365,942
D365,935
D365,820
D366,323
D366,650
D366,1507
D366,2354
D366,324
D366,868
D366,1508
D366,1838
D366,175
D366,630
D366,1477
D366,2355
D367,325
D367,860
D367,815
D367,579
D368,251
D368,943
D368,1509
D368,2356
D369,147
D369,783
D369,1006
D369,15
D369,326
D369,888
D369,1070
D369,758
D369,327
D369,944
D369,1510
D369,2357
D370,48
D370,698
D370,1424
D370,2358
D371,328
D371,860
D371,1511
D371,2359
D371,106
D371,945
D371,1187
D371,791
D372,329
D372,946
D372,1512
D372,2360
D373,330
D373,947
D373,577
D373,2361
D374,331
D374,948
D374,1513
D374,1201
D375,93
D375,891
D375,860
D375,2362
D376,332
D376,938
D376,1137
D376,677
D377,82
D377,929
D377,1065
D377,478
D377,182
D377,707
D377,1514
D377,999
D377,247
D377,837
D377,1056
D377,2363
D377,333
D377,949
D377,912
D377,2364
D378,288
D378,950
D378,1515
D378,2365
D378,334
D378,951
D378,1516
D378,1789
D379,81
D379,780
D379,590
D379,581
D379,335
D379,587
D379,690
D379,721
D380,161
D380,952
D380,1517
D380,909
D381,336
D381,953
D381,591
D381,596
D382,54
D382,954
D382,1518
D382,2366
D382,135
D382,955
D382,1519
D382,2367
D383,337
D383,623
D383,1520
D383,714
D384,19
D384,956
D384,1114
D384,1675
D385,85
D385,561
D385,676
D385,2368
D386,121
D386,918
D386,1521
D386,1874
D387,106
D387,582
D387,1522
D387,1621
D388,72
D388,957
D388,1523
D388,2369
D388,44
D388,958
D388,622
D388,1085
D389,338
D389,690
D389,1389
D389,2370
D389,10
D389,661
D389,1164
D389,1950
D389,7
D389,815
D389,1524
D389,2371
D389,339
D389,959
D389,1525
D389,2372
D390,340
D390,642
D390,1526
D390,18
D390,341
D390,960
D390,1527
D390,2373
D391,337
D391,961
D391,1528
D391,1188
D392,64
D392,962
D392,602
D392,1950
D393,342
D393,963
D393,1529
D393,2374
D394,343
D394,964
D394,626
D394,690
D395,84
D395,887
D395,768
D395,2375
D395,344
D395,740
D395,598
D395,1851
D395,345
D395,965
D395,1530
D395,2376
D395,346
D395,966
D395,1531
D395,2377
D395,276
D395,962
D395,1532
D395,1794
D395,61
D395,1533
D395,2378
D290,347
D290,967
D290,760
D290,488
D396,237
D396,897
D396,1534
D396,2235
D397,348
D397,878
D397,1504
D397,2379
D398,349
D398,968
D398,1366
D398,1454
D398,350
D398,570
D398,786
D398,2380
D399,351
D399,969
D399,1535
D399,2381
D399,237
D399,602
D399,1158
D399,1088
D399,252
D399,612
D399,531
D399,2382
D400,352
D400,970
D400,537
D400,867
D401,48
D401,941
D401,1536
D401,2383
D401,289
D401,900
D401,1166
D401,1647
D402,353
D402,971
D402,1537
D402,2384
D403,354
D403,972
D403,1053
D403,2385
D404,10
D404,973
D404,1538
D404,2386
D405,93
D405,974
D405,539
D405,2387
D406,355
D406,975
D406,1539
D406,2388
D407,356
D407,976
D407,1540
D407,2389
D408,357
D408,610
D408,1530
D408,2390
D409,358
D409,977
D409,1541
D409,2391
D410,287
D410,897
D410,1542
D410,956
D411,64
D411,958
D411,1543
D411,2392
D411,156
D411,978
D411,184
D411,2393
D412,120
D412,979
D412,593
D412,2394
D413,359
D413,980
D413,1544
D413,2395
D413,4
D413,981
D413,1545
D413,682
D414,22
D414,982
D414,718
D414,1515
D414,137
D414,564
D414,1546
D414,553
D414,360
D414,983
D414,1547
D414,2396
D414,47
D414,984
D414,1548
D414,2397
D414,361
D414,940
D414,1549
D415,362
D415,985
D415,1550
D415,1768
D416,262
D416,986
D416,863
D416,1769
D417,171
D417,987
D417,900
D417,47
D417,125
D417,587
D417,757
D417,1431
D417,363
D417,988
D417,1551
D417,1770
D418,49
D418,989
D418,981
D418,1186
D419,137
D419,990
D419,874
D419,1771
D420,131
D420,561
D420,1552
D420,1724
D420,191
D420,991
D420,1553
D420,1476
D420,364
D420,992
D420,1554
D420,1772
D420,365
D420,993
D420,1555
D420,1773
D421,366
D421,994
D421,1556
D421,1774
D422,36
D422,995
D422,1470
D422,623
D423,131
D423,589
D423,745
D423,1775
D423,61
D423,723
D423,651
D423,736
D423,367
D423,996
D423,1557
D423,1776
D424,368
D424,997
D424,1558
D424,1777
D424,5
D424,899
D424,1050
D424,1778
D290,369
D290,998
D290,1559
D290,1779
D290,228
D290,999
D290,1560
D290,1405
D425,370
D425,1000
D425,1561
D425,1780
D425,371
D425,1001
D425,1562
D425,1781
D425,372
D425,1002
D425,1563
D425,1782
D425,224
D425,805
D425,947
D425,1783
D425,373
D425,1003
D425,1564
D425,1784
D425,203
D425,1004
D425,1565
D425,1785
D426,29
D426,1005
D426,1566
D426,1786
D426,41
D426,1006
D426,1567
D426,1787
D427,374
D427,1007
D427,935
D427,1788
D428,175
D428,740
D428,1254
D428,1426
D429,223
D429,1008
D429,1568
D429,1789
D430,375
D430,1009
D430,1569
D430,1790
D431,50
D431,783
D431,1570
D431,736
D432,376
D432,1010
D432,1233
D432,1791
D433,196
D433,754
D433,1571
D433,1792
D433,276
D433,1011
D433,1572
D433,1793
D434,377
D434,1012
D434,1573
D434,1565
D434,36
D434,555
D434,1574
D434,1472
D435,242
D435,681
D435,1575
D435,1794
D436,378
D436,1013
D436,958
D436,589
D437,256
D437,1014
D437,1576
D437,1795
D438,264
D438,1015
D438,1577
D438,1796
D439,268
D439,766
D439,1578
D439,1797
D290,288
D290,923
D290,631
D290,1798
D290,60
D290,1016
D290,798
D290,1799
D440,60
D440,538
D440,1019
D440,1800
D441,69
D441,968
D441,941
D441,1801
D442,59
D442,1017
D442,1579
D442,1802
D442,61
D442,1018
D442,966
D442,1803
D442,317
D442,1019
D442,1580
D442,1804
D442,30
D442,1020
D442,731
D442,1805
D443,86
D443,924
D443,575
D443,752
D444,379
D444,1021
D444,883
D444,1806
D445,247
D445,1022
D445,1581
D445,1709
D446,380
D446,581
D446,1582
D446,1807
D447,381
D447,1023
D447,1583
D447,1808
D448,382
D448,1024
D448,1584
D448,1809
D449,10
D449,661
D449,1164
D449,1095
D449,383
D449,825
D449,1340
D449,1810
D450,47
D450,1025
D450,1532
D450,1811
D451,380
D451,1026
D451,1585
D451,1812
D452,5
D452,1027
D452,1095
D452,1813
D453,59
D453,1028
D453,1006
D453,1814
D454,384
D454,1029
D454,1586
D454,1815
D455,385
D455,715
D455,791
D455,1816
D455,54
D455,1030
D455,1587
D455,1817
D455,136
D455,1031
D455,640
D455,570
D456,31
D456,1032
D456,1077
D456,1818
D457,386
D457,1033
D457,1588
D457,1819
D457,59
D457,766
D457,543
D457,1245
D457,387
D457,617
D457,664
D457,1820
D458,388
D458,1034
D458,1589
D458,1821
D459,193
D459,1035
D459,1590
D459,1822
D459,200
D459,1027
D459,534
D459,795
D459,389
D459,1036
D459,1591
D459,1823
D459,390
D459,1037
D459,889
D459,1824
D460,391
D460,1038
D460,1592
D460,1825
D461,276
D461,718
D461,1593
D461,1826
D461,60
D461,751
D461,1016
D461,1827
D461,390
D461,1039
D461,763
D461,1828
D462,392
D462,587
D462,1594
D462,1829
D463,154
D463,1040
D463,863
D463,1830
D290,393
D290,1041
D290,1595
D290,1831
D464,6
D464,701
D464,1596
D464,1832
D465,124
D465,974
D465,1504
D465,608
D466,67
D466,1042
D466,745
D466,1040
D466,394
D466,891
D466,1308
D466,1621
D467,161
D467,711
D467,909
D467,1517
D468,395
D468,1043
D468,1597
D468,1833
D469,396
D469,607
D469,760
D469,1070
D470,397
D470,1044
D470,1598
D470,1834
D471,137
D471,589
D471,1599
D471,1835
D471,398
D471,1045
D471,587
D471,990
D290,399
D290,1046
D290,1600
D290,1836
D472,400
D472,851
D472,1601
D472,1837
D473,78
D473,941
D473,618
D473,631
D474,36
D474,740
D474,756
D474,1838
D475,195
D475,753
D475,1217
D475,791
D476,401
D476,1047
D476,1602
D476,1839
D477,228
D477,1048
D477,843
D477,1422
D478,402
D478,1049
D478,1603
D478,1840
D479,403
D479,1050
D479,1604
D479,1841
D480,41
D480,1051
D480,672
D480,1006
D481,27
D481,548
D481,1605
D481,1842
D481,254
D481,728
D481,1606
D481,1843
D481,262
D481,648
D481,1336
D481,1844
D481,404
D481,1052
D481,1607
D481,1845
D482,255
D482,874
D482,740
D482,1846
D482,122
D482,667
D482,991
D482,1847
D482,405
D482,1053
D482,1608
D482,1848
D483,54
D483,1054
D483,1609
D483,670
D483,406
D483,681
D483,1610
D483,1532
D484,310
D484,878
D484,1611
D484,1190
D484,103
D484,1055
D484,1612
D484,1713
D484,69
D484,738
D484,570
D484,1849
D485,50
D485,687
D485,713
D485,1850
D486,407
D486,1056
D486,1354
D486,1851
D486,68
D486,1057
D486,1613
D486,1852
D486,302
D486,1058
D486,820
D486,1853
D486,408
D486,1059
D486,1614
D486,1854
D486,338
D486,616
D486,1189
D486,162
D486,100
D486,1060
D486,1615
D486,1855
D290,409
D290,590
D290,957
D290,1856
D487,410
D487,1061
D487,1616
D487,1857
D487,380
D487,585
D487,1617
D487,1858
D488,411
D488,1062
D488,1618
D488,1859
D488,177
D488,1063
D488,1619
D488,1860
D489,374
D489,612
D489,1388
D489,1861
D490,412
D490,1064
D490,1620
D490,1862
D490,171
D490,1065
D490,1621
D490,1863
D490,401
D490,1066
D490,640
D490,1864
D490,413
D490,1067
D490,1622
D490,1865
D490,70
D490,590
D490,1623
D490,1866
D491,414
D491,1068
D491,1037
D491,1867
D492,415
D492,1069
D492,1624
D492,1868
D492,416
D492,1070
D492,1110
D492,51
D492,60
D492,1071
D492,679
D492,1869
D492,417
D492,682
D492,1625
D492,1321
D493,418
D493,560
D493,978
D493,1870
D494,129
D494,1072
D494,1567
D494,1084
D494,161
D494,589
D494,1027
D494,1871
D495,288
D495,630
D495,1626
D495,1872
D496,95
D496,1073
D496,1627
D496,1873
D496,419
D496,637
D496,1189
D496,1874
D496,687
D496,723
D496,1875
D497,420
D497,1074
D497,1628
D497,1876
D498,421
D498,1075
D498,805
D498,1877
D499,127
D499,1076
D499,1343
D499,1297
D499,422
D499,1077
D499,1629
D499,1878
D500,211
D500,868
D500,1445
D500,1879
D501,423
D501,605
D501,1630
D501,1880
D501,74
D501,724
D501,1631
D501,1881
D502,167
D502,1078
D502,306
D502,650
D502,424
D502,1079
D502,1632
D502,1882
D503,425
D503,1060
D503,1633
D503,1883
D503,426
D503,1080
D503,1634
D503,1884
D503,18
D503,1075
D503,1635
D503,1885
D503,262
D503,599
D503,1636
D503,1886
D504,30
D504,1081
D504,1317
D504,1887
D505,243
D505,1082
D505,1637
D505,1888
D505,427
D505,1083
D505,1638
D505,1509
D506,32
D506,782
D506,1639
D506,1889
D506,54
D506,1084
D506,1640
D506,1890
D507,428
D507,1085
D507,575
D507,1891
D508,429
D508,1086
D508,1354
D508,1892
D509,228
D509,1087
D509,710
D509,843
D510,5
D510,590
D510,596
D510,1893
D511,181
D511,1088
D511,707
D511,1894
D511,85
D511,1051
D511,1455
D511,1895
D511,36
D511,1089
D511,1641
D511,1896
D512,430
D512,1090
D512,1642
D512,1897
D512,72
D512,1089
D512,791
D512,1898
D513,178
D513,1091
D513,1643
D513,1899
D514,50
D514,1092
D514,1644
D514,1900
D515,121
D515,564
D515,1645
D515,1901
D515,262
D515,1093
D515,1646
D515,1902
D515,122
D515,667
D515,790
D515,603
D515,431
D515,1094
D515,783
D515,1903
D515,171
D515,1095
D515,982
D515,1904
D515,432
D515,1096
D515,1647
D515,1905
D515,44
D515,1097
D515,699
D515,1906
D515,291
D515,715
D515,1648
D515,1907
D516,60
D516,1098
D516,864
D516,669
D516,131
D516,1099
D516,1190
D516,1908
D517,106
D517,703
D517,1225
D517,1909
D518,433
D518,603
D518,1649
D518,1910
D518,342
D518,1100
D518,807
D518,1911
D519,434
D519,1101
D519,1650
D519,1912
D520,42
D520,714
D520,1651
D520,1913
D521,138
D521,731
D521,1652
D521,1914
D521,435
D521,569
D521,1653
D521,1177
D522,135
D522,645
D522,641
D522,898
D522,34
D522,739
D522,933
D522,440
D523,436
D523,1102
D523,1654
D523,1915
D523,191
D523,1103
D523,945
D523,1916
D523,437
D523,668
D523,1655
D523,1917
D524,438
D524,1104
D524,1656
D524,1918
D525,439
D525,1105
D525,910
D525,1919
D525,440
D525,1106
D525,578
D525,17
D525,283
D525,760
D525,1657
D525,1920
D525,441
D525,1107
D525,1484
D525,1921
D526,161
D526,773
D526,1018
D526,945
D527,442
D527,970
D527,1121
D527,1922
D528,276
D528,1108
D528,654
D528,1923
D528,443
D528,1109
D528,1658
D528,1032
D528,202
D528,1110
D528,1659
D528,1924
D529,444
D529,1111
D529,1660
D529,1925
D530,247
D530,1112
D530,1661
D530,1926
D531,109
D531,652
D531,1139
D531,1927
D531,147
D531,557
D531,791
D531,1928
D532,4
D532,576
D532,1662
D532,1929
D532,350
D532,1113
D532,825
D532,1190
D532,280
D532,1114
D532,1663
D532,540
D532,445
D532,1115
D532,1664
D532,1930
D533,228
D533,1116
D533,1665
D533,1931
D534,446
D534,1117
D534,1666
D534,1932
D534,288
D534,1118
D534,1667
D534,1933
D535,93
D535,539
D535,974
D535,722
D536,383
D536,1119
D536,1523
D536,1412
D536,290
D536,940
D536,664
D536,1934
D290,447
D290,1120
D290,1181
D290,1935
D537,34
D537,1066
D537,1027
D537,1936
D538,34
D538,1121
D538,1668
D538,864
D539,448
D539,1122
D539,1669
D539,1937
D540,377
D540,1123
D540,1670
D540,1938
D540,449
D540,1124
D540,1671
D540,1301
D540,450
D540,1125
D540,1423
D540,1939
D541,451
D541,1126
D541,969
D541,1940
D541,268
D541,673
D541,1672
D541,1189
D542,50
D542,958
D542,607
D542,1095
D543,441
D543,978
D543,573
D543,1941
D544,289
D544,1127
D544,173
D544,1166
D545,452
D545,1128
D545,1673
D545,1942
D546,50
D546,541
D546,1674
D546,1943
D546,324
D546,1129
D546,1675
D546,1944
D547,453
D547,1130
D547,1676
D547,1132
D547,173
D547,1131
D547,1677
D547,1945
D548,454
D548,1132
D548,1678
D548,1946
D549,455
D549,1133
D549,1679
D549,1947
D549,121
D549,591
D549,794
D549,894
D550,61
D550,1134
D550,1680
D550,1053
D551,311
D551,1135
D551,1137
D551,320
D552,92
D552,1136
D552,1681
D552,1757
D552,177
D552,1137
D552,1682
D552,1948
D553,456
D553,1138
D553,1683
D553,884
D554,109
D554,1139
D554,652
D554,1949
D555,126
D555,589
D555,1684
D555,1950
D555,457
D555,1140
D555,1685
D555,1951
D556,458
D556,1141
D556,1686
D556,1952
D557,82
D557,1142
D557,661
D557,1953
D558,15
D558,1123
D558,1605
D558,1954
D558,459
D558,909
D558,1687
D558,1955
D558,317
D558,740
D558,1688
D558,1956
D559,244
D559,774
D559,1689
D559,1957
D560,305
D560,742
D560,731
D560,1118
D560,154
D560,760
D560,1690
D560,382
D561,72
D561,957
D561,603
D561,1523
D562,460
D562,1143
D562,1691
D562,1958
D563,461
D563,1144
D563,1692
D563,1788
D563,41
D563,891
D563,763
D563,929
D563,128
D563,561
D563,1693
D563,1959
D564,244
D564,822
D564,1694
D564,1960
D565,64
D565,687
D565,1695
D565,1961
D566,64
D566,1145
D566,619
D566,1962
D567,100
D567,1146
D567,1696
D567,1963
D568,462
D568,1147
D568,1697
D568,1964
D569,156
D569,991
D569,608
D569,605
D570,463
D570,1148
D570,1698
D570,1965
D571,139
D571,623
D571,1699
D571,1966
D572,74
D572,1149
D572,1700
D572,1967
D572,464
D572,1150
D572,1701
D572,1739
D573,247
D573,1151
D573,1702
D573,1968
D574,465
D574,1152
D574,663
D574,1969
D575,5
D575,742
D575,636
D575,1197
D576,466
D576,1153
D576,1703
D576,1970
D577,459
D577,868
D577,1704
D577,1971
D578,467
D578,561
D578,1705
D578,1972
D579,169
D579,1154
D579,1706
D579,1973
D579,73
D579,1155
D579,1707
D579,1974
D579,92
D579,1156
D579,1708
D579,579
D580,211
D580,687
D580,868
D580,1879
D581,468
D581,1018
D581,694
D581,935
D582,420
D582,555
D582,1709
D582,710
D583,469
D583,1157
D583,1710
D583,1392
D584,135
D584,1158
D584,616
D584,1975
D585,470
D585,1089
D585,1711
D585,1976
D585,6
D585,848
D585,766
D585,704
D585,471
D585,1159
D585,1712
D585,825
D586,472
D586,1160
D586,1713
D586,1880
D586,473
D586,1161
D586,925
D586,1977
D586,474
D586,1162
D586,1714
D586,1978
D586,475
D586,1019
D586,1715
D586,1979
D587,476
D587,1163
D587,1716
D587,1980
D588,247
D588,1164
D588,1717
D588,1981
D588,477
D588,1165
D588,1718
D588,1982
D588,478
D588,1166
D588,1567
D588,1983
D589,392
D589,1167
D589,1719
D589,1984
D590,28
D590,1168
D590,1076
D590,1985
D590,479
D590,1169
D590,1720
D590,1986
D590,100
D590,1170
D590,623
D590,1327
D591,480
D591,644
D591,874
D591,1987
D591,481
D591,969
D591,1126
D591,1114
D592,81
D592,533
D592,1405
D592,1988
D593,482
D593,1171
D593,609
D593,1989
D594,4
D594,888
D594,1721
D594,1990
D594,29
D594,1172
D594,1722
D594,1991
D595,483
D595,1173
D595,19
D595,1992
D596,484
D596,1174
D596,1188
D596,1993
D597,216
D597,875
D597,1723
D597,1994
D598,404
D598,852
D598,1724
D598,1337
D599,479
D599,880
D599,1725
D599,1995
D600,485
D600,1175
D600,1726
D600,1996
D601,237
D601,825
D601,1727
D601,1574
D601,486
D601,1176
D601,1728
D601,1997
D602,487
D602,1177
D602,851
D602,1998
D602,311
D602,570
D602,1729
D602,1999
D602,135
D602,745
D602,608
D602,93
D602,488
D602,648
D602,1480
D602,2000
D603,81
D603,533
D603,1405
D603,2001
D604,489
D604,1178
D604,1730
D604,2002
D605,210
D605,598
D605,1731
D605,1696
D605,71
D605,1179
D605,1620
D605,2003
D606,490
D606,1180
D606,1732
D606,2004
D607,491
D607,1181
D607,1733
D607,2005
D607,492
D607,1182
D607,1734
D607,2006
D608,493
D608,1183
D608,1735
D608,2007
D609,494
D609,1184
D609,1736
D609,2008
D610,495
D610,1185
D610,1737
D610,567
D611,135
D611,703
D611,1738
D611,2009
D611,464
D611,1150
D611,1739
D611,1701
D611,496
D611,1186
D611,1740
D611,2010
D612,265
D612,1035
D612,1517
D612,1127
D613,100
D613,1187
D613,611
D613,803
D614,497
D614,1188
D614,1741
D614,2011
D615,131
D615,924
D615,608
D615,2012
D615,243
D615,1189
D615,1742
D615,1366
D615,498
D615,1190
D615,763
D615,2013
D616,3
D616,1027
D616,1159
D616,2014
D617,336
D617,1191
D617,1681
D617,2015
D618,178
D618,978
D618,1085
D618,451
D618,499
D618,1192
D618,1743
D618,2016
D619,500
D619,1193
D619,1744
D619,1881
D620,501
D620,1075
D620,1745
D620,2017
D621,502
D621,1194
D621,1054
D621,2018
D622,156
D622,593
D622,1746
D622,2019
D623,503
D623,1195
D623,1747
D623,2020
D624,41
D624,621
D624,1571
D624,1848
D625,504
D625,1196
D625,1748
D625,2021
D626,161
D626,1197
D626,1749
D626,2022
D626,299
D626,1198
D626,1750
D626,742
D626,505
D626,1199
D626,1751
D626,2023
D627,506
D627,1200
D627,1752
D627,2024
D627,507
D627,1201
D627,1753
D627,2025
D628,45
D628,1202
D628,633
D628,878
D629,368
D629,1203
D629,1754
D629,2026
D630,508
D630,1159
D630,554
D630,1300
D630,509
D630,1204
D630,1755
D630,2027
D630,510
D630,1205
D630,1756
D630,2028
D631,511
D631,960
D631,813
D631,740
D632,512
D632,1123
D632,1757
D632,2029
D633,513
D633,1206
D633,1758
D633,2030
D634,514
D634,1124
D634,1759
D634,2031
D634,515
D634,713
D634,555
D634,2032
D634,516
D634,1207
D634,1760
D634,1918
D634,517
D634,854
D634,1507
D634,2033
D634,518
D634,1208
D634,1761
D634,2034
D635,433
D635,1209
D635,718
D635,2035
D635,519
D635,1210
D635,1244
D635,2036
D636,520
D636,1211
D636,1762
D636,2037
D637,521
D637,1113
D637,1763
D637,774
D637,31
D637,1212
D637,1663
D637,2038
D638,495
D638,1213
D638,1764
D638,2039
D638,90
D638,543
D638,955
D638,2040
D638,522
D638,1214
D638,1765
D638,2041
D638,523
D638,1215
D638,1766
D638,2042
D638,524
D638,1216
D638,1767
D638,2043
D639,525
D639,591
D639,1583
D639,2044
